Subject,Avg_PSNR,Avg_MAE,Avg_SSIM
,28.511459681174326,85.62965257082054,0.7696181745316613
