Subject,StdDev_PSNR,StdDev_MAE,StdDev_SSIM
,11.969127001345518,22.172932639260438,0.08313022778664125
